highcounts,
129,
103,
136,
100,
129,
123,
119,
149,
112,
129,
126,
120,
127,
124,
130,
112,
125,
116,
140,
117,
115,
135,
127,
136,
136,
125,
132,
123,
115,
128,
120,
123,
131,
123,
118,
103,
135,
117,
117,
126,
118,
131,
130,
115,
126,
102,
120,
118,
110,
115,
122,
129,
119,
130,
129,
136,
116,
124,
129,
136,
127,
112,
121,
113,
136,
146,
129,
103,
118,
111,
141,
116,
123,
117,
115,
110,
120,
130,
103,
121,
118,
110,
144,
115,
131,
122,
131,
124,
114,
107,
139,
121,
112,
130,
116,
130,
111,
142,
109,
119,
111,
111,
125,
120,
115,
115,
132,
120,
137,
116,
115,
120,
139,
138,
125,
115,
117,
126,
110,
110,
126,
115,
117,
125,
110,
121,
135,
120,
111,
117,
114,
145,
104,
113,
127,
119,
111,
116,
132,
124,
122,
126,
131,
137,
135,
123,
125,
115,
106,
123,
118,
135,
112,
130,
105,
122,
114,
141,
119,
126,
111,
134,
136,
116,
145,
108,
121,
115,
146,
112,
114,
145,
113,
113,
114,
126,
124,
118,
142,
132,
148,
134,
125,
116,
133,
100,
120,
125,
126,
119,
136,
116,
120,
121,
125,
132,
130,
115,